id,title,price,image,description
1,Klenzo Deterjen Laundry Non Parfum Haji dan Umroh 5 Liter,60000,https://images.tokopedia.net/img/cache/900/VqbcmM/2025/4/12/1244efbe-e4e2-4cca-9bc0-a45982695d08.jpg,"Klenzo Deterjen Laundry Non Parfum hadir sebagai sabun cair khusus yang dirancang untuk kebutuhan ibadah dengan formula yang sederhana, efektif dan sesuai dengan aturan syariat"
2,Alkholisi Plain Detergent Sabun Haji dan Umroh 250 ml,6000,https://images.tokopedia.net/img/cache/900/VqbcmM/2025/3/16/795831af-4242-4603-a51f-568ce3a9a630.jpg,Salah satu produk yang dirancang khusus untuk mendukung kebutuhan ini adalah Alkholisi Plain Detergent sabun cair yang aman dan praktis untuk mencuci pakaian selama perjalanan ibadah.
3,250 gr Klenzo Eco Enzyme Pupuk Organik & Pembersih,6000,https://images.tokopedia.net/img/cache/900/VqbcmM/2025/1/13/01a93f21-4b07-4429-a496-151c9e3a76f0.jpg,"Eco enzyme adalah cairan serbaguna yang dihasilkan dari fermentasi bahan-bahan organik seperti buah-buahan, sayuran, gula, dan air."
4,Pelembut Pakaian Softener Laundry Sokaraja 5 Liter,75000,https://images.tokopedia.net/img/cache/900/VqbcmM/2025/1/13/8c386fce-c048-4fb0-adc4-e4f00748e689.jpg,Dalam dunia pencucian pakaian softener atau pelembut pakaian memegang peranan penting untuk menghasilkan pakaian yang lembut wangi dan nyaman saat digunakan.
5,Alkholisi Deterjen Bubuk 500 gr Tanpa Aroma,8000,https://images.tokopedia.net/img/cache/900/VqbcmM/2025/3/1/548efa4d-f839-4d58-b84d-cc4dd656dfa6.jpg,Deterjen ini dirancang khusus tanpa pewangi tambahan menjadikannya pilihan ideal bagi jemaah haji dan umroh yang membutuhkan kebersihan maksimal tanpa mengganggu kekhusyukan ibadah.
6,Deterjen Bubuk Sabun Laundry Sokaraja 500 gr,6000,https://images.tokopedia.net/img/cache/900/VqbcmM/2025/1/10/aa110d74-8110-47db-888b-b3a56a43362f.jpg,"Untuk mendapatkan hasil cucian yang bersih dan wangi, Anda membutuhkan sabun laundry yang berkualitas."
7,Bibit Parfum Jeruk Nipis Sabun Cuci Piring,275000,https://images.tokopedia.net/img/cache/900/VqbcmM/2025/1/7/870f1c38-edb9-4f4e-a906-33f62fae80af.jpg,Bibit parfum jeruk nipis /lime dapat menjadi salah satu alternatif untuk menambahkan aroma segar dan menyegarkan pada sabun cuci piring.
8,Parfum Body Sugar Daddy 30 ml,14500,https://images.tokopedia.net/img/cache/900/VqbcmM/2024/12/4/68219dcf-aa70-4e14-8584-b1463c861a47.jpg,"Salah satu parfum yang sedang populer saat ini adalah Sugar Daddy. Parfum ini memiliki sensasi wangi manis yang cocok untuk digunakan dalam berbagai aktivitas, baik outdoor maupun indoor."
9,Sokaraja Deterjen Laundry 1 liter,14500,https://images.tokopedia.net/img/cache/500-square/VqbcmM/2024/12/25/611842f8-6ad5-406b-8fcb-7de6ed8ac4a6.jpg.webp?ect=4g,Salah satu produk deterjen yang dapat menjadi solusi adalah Sokaraja Deterjen Laundry. Sokaraja Deterjen Laundry adalah sabun cair serbaguna yang dikhususkan untuk memenuhi kebutuhan mencuci pakaian.
10,Klenzo Sabun Cair Serbaguna Eco Enzyme,24500,https://images.tokopedia.net/img/cache/900/VqbcmM/2024/12/25/9a1c90b6-13cc-436e-99b4-04d3736523f3.jpg,Klenzo Sabun Eco Enzyme adalah sabun cair serbaguna yang terbuat dari bahan-bahan alami dan eco enzyme.
11,Klenzo Eco Enzyme Penyubur Tanaman,27500,https://images.tokopedia.net/img/cache/900/VqbcmM/2024/12/25/a079c51a-6324-43bc-af62-26478e370b34.jpg,Klenzo Eco Enzyme adalah produk cairan biang yang terbuat dari bahan-bahan alami dan ramah lingkungan.
12,Parfum Body Chibi Enok Botol Kaca Spray 30 ml,14500,https://images.tokopedia.net/img/cache/900/VqbcmM/2024/12/7/95ae6ff1-a68c-44e3-ae97-e733cf5bff15.jpg,"Parfum Chibi Enok adalah pilihan yang sempurna bagi Anda yang mencari wangi feminim dan manis yang cocok untuk berbagai aktivitas, baik indoor maupun outdoor."
13,Semir Ban Mobil dan Motor 1 liter,30000,https://images.tokopedia.net/img/cache/500-square/VqbcmM/2024/11/28/7980599c-9fc2-4820-a6b3-43aa0f127cf5.jpg.webp?ect=4g,Salah satu cara untuk mencapai tampilan yang maksimal adalah dengan menggunakan semir ban yang berkualitas.
14,Sabun Deterjen Laundry Cair Busa Sedang 600 ml,6500,https://images.tokopedia.net/img/cache/500-square/VqbcmM/2024/11/6/b763ac54-5f5a-4c24-b10c-e38d73a1ca49.jpg.webp?ect=4g,Sabun deterjen laundry cair dengan busa sedang menawarkan berbagai keunggulan bagi para pengguna.
15,Softener Pelembut Parfum Laundry Wangi 5 Liter,45000,https://images.tokopedia.net/img/cache/500-square/VqbcmM/2024/10/26/2ab5a439-5409-4046-99ea-15fb66b79210.jpg.webp?ect=4g,Produk ini hadir dalam berbagai varian aroma yang menarik.
16,Softener Pelembut Pakaian Parfum Laundry 1 L,13500,https://images.tokopedia.net/img/cache/500-square/VqbcmM/2024/10/26/39aec02b-cf3c-4793-8cb6-d3f1156cc0c6.jpg.webp?ect=4g,"Setelah proses pencucian, tentunya kita ingin pakaian kita tidak hanya bersih, tetapi juga lembut dan wangi."
17,Karbol Serai Sereh Putih Susu Kental 1 Liter,16000,https://images.tokopedia.net/img/cache/500-square/VqbcmM/2024/10/21/3cd3a286-3889-4fe9-b6fa-55b004f64e3c.jpg.webp?ect=4g,"Karbol sereh, atau yang lebih dikenal dengan serai putih susu kental, adalah cairan pembersih alami."
18,Parfum Karpet Masjid Solventbase 1 Liter,65000,https://images.tokopedia.net/img/cache/500-square/VqbcmM/2024/10/8/13ef92af-f684-4057-a2a3-93ffba148d82.jpg.webp?ect=4g,Produk ini menggunakan bahan dasar pelarut (solvent) yang aman digunakan di area masjid.
19,Sabun Mandi Cair Isi Ulang 1 Liter,17500,https://images.tokopedia.net/img/cache/500-square/VqbcmM/2024/12/8/e7cb7725-0adc-4a58-9006-39f1a4987d07.jpg.webp?ect=4g,Salah satu produk perawatan kulit yang semakin populer adalah sabun mandi cair (body wash).
20,Sabun Batang Lerak Pembersih,9500,https://images.tokopedia.net/img/cache/500-square/VqbcmM/2024/9/18/79d9a786-43f6-4c1b-b047-e6b3445bee4f.jpg.webp?ect=4g,Sabun batang lerak adalah jenis sabun tradisional Indonesia yang terbuat dari ekstrak akar tanaman lerak.
21,Alkholisi Plain Detergent Sabun Haji dan Umroh,15500,https://images.tokopedia.net/img/cache/500-square/VqbcmM/2024/12/5/719e343a-b80a-4a3d-9d25-8d438162403e.jpg.webp,"Sabun ini dirancang khusus untuk memenuhi kebutuhan haji dan umroh, dengan komposisi yang aman dan alami."
22,Bibit Parfum Body Asli Vanilla 100 ml,55000,https://images.tokopedia.net/img/cache/500-square/VqbcmM/2024/9/14/62db28b5-d6b2-4f1b-b049-a3651e2f7a63.jpg.webp,Bibit parfum body dengan ukuran 100 ml hadir dengan varian aroma yang beragam.
23,Stiker Siap Pakai Sabun Cuci Piring Isi 30 pcs,17000,https://images.tokopedia.net/img/cache/500-square/VqbcmM/2024/9/14/389c34d2-ce56-4117-aca1-20a0877c05c7.jpg.webp,Stiker siap pakai untuk kebutuhan rumah tangga ini sangat cocok untuk Anda yang ingin mempermudah aktivitas sehari-hari.
24,Sabun Batang Cuci Pelok Warna-Warni,55000,https://images.tokopedia.net/img/cache/500-square/VqbcmM/2024/9/12/9dc593cb-3e3f-4c5f-9252-313ac9be4e0f.jpg.webp,Sabun batang cuci pelok warna-warni aneka wangi 1 pak isi 12 batang (1 lusin) dengan berat kurang lebih 150 gram.
25,Sampo Shampoo Mobil dan Motor 1 Liter,15500,https://images.tokopedia.net/img/cache/500-square/VqbcmM/2024/9/3/003705c7-01cb-48a9-bcf7-39b7f898806b.jpg.webp,Membersihkan kendaraan adalah hal penting untuk menjaga penampilan dan kondisi mobil maupun motor agar tetap terawat.
26,Shampoo Mobil Motor Ukuran 5 Liter,49500,https://images.tokopedia.net/img/cache/500-square/VqbcmM/2024/9/2/b2f5ca9b-07c4-41b7-93f4-dbd6a6637749.jpg.webp,Shampoo mobil-motor ukuran 5 liter merupakan pilihan yang tepat baik untuk keperluan bisnis carwash maupun penggunaan pribadi.
27,Sabun Lerak Ramah Lingkungan 1 Liter,24500,https://images.tokopedia.net/img/cache/500-square/VqbcmM/2024/12/8/d7956111-eb65-45c8-8020-6af3b3fe21b2.jpg.webp,Salah satu kunci utama dalam merawat kain batik adalah penggunaan sabun yang tepat.
28,Bahan Sabun Mandi Batang Putih,30000,https://images.tokopedia.net/img/cache/500-square/VqbcmM/2024/8/29/b0893018-2a42-4366-b5a0-0bec8720bc57.jpg.webp,Sabun mandi batang putih atau white chip soap merupakan salah satu jenis sabun mandi yang semakin populer di kalangan pecinta produk perawatan kulit alami.
29,Karbol Pinus Pembersih 1200 ml,9500,https://images.tokopedia.net/img/cache/500-square/VqbcmM/2024/8/28/f841f0e8-f223-46e9-b6ea-0cff32a36692.jpg.webp,Karbol pinus memiliki kemampuan untuk membunuh kuman dan bakteri yang ada di lantai.
30,Biang Karbol Sereh Pinus 5 Liter Dihitung 1 kg,25000,https://images.tokopedia.net/img/cache/500-square/VqbcmM/2024/8/26/3c8445ba-4b02-48c4-91df-71b380d5c2d3.jpg.webp,"Biang karbol tersedia dalam berbagai varian aroma, seperti aroma sereh dan aroma pinus."
31,Karbol Aroma Sereh dan Pinus 1 Liter,6000,https://images.tokopedia.net/img/cache/500-square/VqbcmM/2024/8/26/f2dca96e-098c-4a15-ab2b-8cb871c6ec0a.jpg.webp,"Karbol ini tidak hanya berfungsi sebagai pembersih, namun juga memiliki beberapa manfaat tambahan yang dapat membantu menjaga kebersihan dan kenyamanan."
32,Parfum Laundry Aroma Aquafresh Isi 5 Liter,163000,https://images.tokopedia.net/img/cache/500-square/VqbcmM/2024/8/26/b640aadf-8e45-4484-b598-1b5d5982d89e.jpg.webp,Parfum ini dirancang untuk memberikan wangi yang tahan lama pada pakaian.
33,Parfum Karpet Masjid WB Aroma Timur Tengah,55000,https://images.tokopedia.net/img/cache/500-square/VqbcmM/2024/8/21/2bc44f81-6b11-41ed-874e-5e001f76699e.jpg.webp,Parfum karpet masjid waterbase dengan aneka aroma khas Timur Tengah.
34,Sabun Batang Padat Transparan Chip Base,14500,https://images.tokopedia.net/img/cache/500-square/VqbcmM/2024/8/19/e0ad196d-a3a3-4f55-bc2a-bc33cca6d9ca.jpg.webp,Sabun batang padat transparan dengan kualitas cosmetic grade dalam ukuran 100 gram.
35,Parfum Karpet Masjid WB Bonus Karbol,275000,https://images.tokopedia.net/img/cache/500-square/VqbcmM/2024/8/19/06f72511-4a0d-4212-a59c-4452c37f65fb.jpg.webp,Parfum karpet masjid waterbase dengan aroma Timur Tengah yang disertai bonus karbol sereh atau pinus.
36,Parfum Karpet Masjid SB Bonus Karbol,325000,https://images.tokopedia.net/img/cache/500-square/VqbcmM/2024/8/19/399033f4-13af-4052-a553-1da26c9671ee.jpg.webp,"Parfum karpet masjid solventbase dengan aroma khas Timur Tengah, ditambah dengan bonus karbol."
37,LASF Bahan Pembusa Sabun 1 Liter,24500,https://images.tokopedia.net/img/cache/500-square/VqbcmM/2024/8/14/e6e7fb8a-ed43-4c9c-91dc-56a81858bb6d.jpg.webp,LASF adalah bahan aditif cair yang digunakan untuk meningkatkan kemampuan pembentukan busa pada berbagai produk pembersih.
38,Parfum Pewangi Laundry Grade A 5 Liter,205000,https://images.tokopedia.net/img/cache/500-square/VqbcmM/2024/8/14/e4d9e602-514c-42c7-9964-94bad56d3533.jpg.webp,Parfum pewangi laundry grade A memiliki kualitas tinggi dengan kandungan yang aman dan efektif dalam memberi aroma tahan lama pada pakaian.
39,Essence Umpan Ikan Aroma Buah dan Amis 1 kg,235000,https://images.tokopedia.net/img/cache/500-square/VqbcmM/2024/8/14/ceb672f7-d83c-4420-91e8-baaee643d2cc.jpg.webp,Essence atau aroma khusus untuk umpan ikan memiliki berbagai manfaat untuk meningkatkan keberhasilan memancing.
40,LASF Bahan Penambah Busa Sabun 5 Liter,110000,https://images.tokopedia.net/img/cache/500-square/VqbcmM/2024/8/13/de393fe2-4653-4e8d-93da-44dab892d2fc.jpg.webp,LASF adalah cairan kental yang digunakan sebagai bahan penambah pembusa pada berbagai produk pembersih.
41,Deterjen Konsentrat Biang Sabun Laundry 6 kg,175000,https://images.tokopedia.net/img/cache/500-square/VqbcmM/2024/8/13/95026962-51ec-41a8-8855-1f83332779c1.jpg.webp,Deterjen konsentrat ini sangat praktis dan efisien untuk menghasilkan deterjen baru dalam jumlah besar.
42,Parfum Gantung Pengharum Mobil Ruangan,6000,https://images.tokopedia.net/img/cache/500-square/VqbcmM/2024/8/8/e8ecbe46-77e3-40c0-9be5-13d66af4e490.jpg.webp,"Parfum gantung dengan berbagai aroma cocok untuk mobil, kamar, atau lemari."
43,Cetakan Sabun Mandi Batang Bundar,14500,https://images.tokopedia.net/img/cache/500-square/VqbcmM/2024/8/6/f39d804f-3c29-4c2f-b4a2-b3ff217e0b08.jpg.webp,Cetakan sabun bundar dengan desain menarik untuk menghasilkan sabun berbentuk rapi dan menarik.
44,Laundry Bar Soap Sabun Padat 100 gr (3 pcs),10000,https://images.tokopedia.net/img/cache/500-square/VqbcmM/2024/8/6/69eb9016-b455-486a-9af8-8e250d5d5209.jpg.webp,Sabun cuci padat 100 gram (3 pcs) cocok untuk mengatasi noda membandel pada pakaian.
45,Bibit Parfum Aigner Blue dan Black,55000,https://images.tokopedia.net/img/cache/500-square/VqbcmM/2024/7/28/d6463e8f-a7fd-4b5e-bc91-40b666fbf02c.jpg.webp,Bibit parfum unggulan dari Aigner tersedia dalam varian Blue dan Black.
46,Bibit Parfum Adidas Sport 100 ml,55000,https://images.tokopedia.net/img/cache/500-square/VqbcmM/2024/7/27/d8917354-ca5c-48fe-9963-a3dc9ef11a5a.jpg.webp,Bibit parfum Adid@s Sport dirancang untuk pria aktif dan energik.
47,Bibit Parfum Body Jomalone English Pear,55000,https://images.tokopedia.net/img/cache/500-square/VqbcmM/2024/7/25/a2087aec-5b9d-4db7-a9e8-fb1211b34858.jpg.webp,Jo Malone English Pear adalah parfum unggulan dengan notes utama buah pir Inggris.
48,Parfum Laundry Downy Black 5 L,135000,https://images.tokopedia.net/img/cache/500-square/VqbcmM/2024/7/20/dbc44640-e52c-4df4-a017-83b8dc6e5276.jpg.webp,Parfum laundry Downy Black untuk memberikan aroma segar dan tahan lama pada pakaian.
49,Deodoran Parfum Natural Isi Ulang 1 Liter,14500,https://images.tokopedia.net/img/cache/500-square/VqbcmM/2024/7/17/9761928c-9a20-44fd-ad33-dfc9fd864b88.jpg.webp,Deodoran parfum natural isi ulang berbahan dasar tawas cocok untuk menjaga kesegaran badan.
50,Essence Umpan Ikan Berbagai Aroma 50 ml,5000,https://images.tokopedia.net/img/cache/500-square/VqbcmM/2024/7/17/1b83aed0-c930-457e-956b-40d001863b79.jpg.webp,Essence umpan ikan adalah cairan aditif dengan berbagai macam varian aroma.
51,Pelatihan Online Membuat Deterjen Laundry Atau Sabun Cuci Pakaian Plus Bahan,520000,https://images.tokopedia.net/img/cache/500-square/VqbcmM/2024/11/1/cb157257-2561-47f9-847e-2e505f669fb3.png.webp?ect=4g, Kami menawarkan pelatihan online untuk membuat deterjen laundry dan sabun cuci pakaian sendiri.Bahan-bahan untuk membuat deterjen laundry dan sabun cuci pakaian akan dikirimkan ke rumah Anda
52,Pelatihan Online  Sabun Cuci Piring Plus Bahan,520000,https://images.tokopedia.net/img/cache/500-square/VqbcmM/2024/9/20/819f967c-3c1b-44e6-b654-6e47ceb484a4.jpg.webp?ect=4g,"Dalam pelatihan ini, Anda akan dipandu langkah demi langkah untuk membuat sabun cuci piring yang lembut, efektif membersihkan. Bahan-bahannya pun mudah didapat dan terjangkau."
53,Pelatihan Online Cara Membuat Laundry Bar Soap,420000,https://images.tokopedia.net/img/cache/500-square/VqbcmM/2024/8/14/2c37b3c0-5d48-4c99-a370-645343e28eb9.png.webp?ect=4g,"Anda bisa membuat sendiri laundry bar soap atau sabun batang padat khusus untuk mencuci pakaian. Selain efektif membersihkan, sabun ini juga bisa digunakan untuk membersihkan sepatu. Melalui pelatihan online, Anda dapat mempelajari cara membuat laundry bar soap sendiri dengan bahan-bahan alami dan aman"
54,Tawas Batu 1 kg Penjernih Air,15000,https://images.tokopedia.net/img/cache/500-square/VqbcmM/2024/6/26/55ce2277-653e-4597-a6b3-7aaae71a2fbc.jpg.webp?ect=4g,"Salah satu penggunaan tawas batu yang paling umum adalah sebagai bahan untuk menjernihkan air. Tawas batu dapat mengikat dan mengendapkan partikel-partikel kotoran yang tersuspensi di dalam air, sehingga air menjadi lebih jernih dan bersih"
55,Sodium Hipoklorit (NaClO) Agen Pemutih Pakaian dan Desinfektan,10500,https://images.tokopedia.net/img/cache/500-square/VqbcmM/2024/6/25/1b5f75db-34dc-465d-9a11-7f3537d1530a.jpg.webp?ect=4g,"Sodium hipoklorit, yang dikenal juga sebagai klorin dengan rumus molekulnya adalah NaClO merupakan salah satu agen pemutih dan desinfektan yang paling banyak digunakan di dunia. Karakteristik dan Sifat Sodium Hipoklorit Sodium hipoklorit adalah cairan berwarna kuning pucat dengan bau khas klorin."
56,HCL 32 Persen 1 Liter Repacking,15000,https://images.tokopedia.net/img/cache/500-square/VqbcmM/2024/6/25/b2c22c18-5369-423d-be8a-a0dbd9b64577.jpg.webp?ect=4g,"HCl dapat digunakan untuk menghilangkan noda di kamar mandi dan dapur, tetapi harus digunakan dengan hati-hati karena sifatnya yang sangat korosif"
57,Sabun Deterjen Laundry 5 Liter (Isi),20500,https://images.tokopedia.net/img/cache/500-square/VqbcmM/2024/6/20/df4e9ecf-67b2-4bfb-a302-dd3dd5c76e4e.jpg.webp?ect=4g,"Bagi Anda yang sedang mencari deterjen laundry berkualitas dengan harga terjangkau, ada produk yang wajib Anda pertimbangkan. Deterjen laundry dengan harga terjangkau merupakan pilihan tepat untuk kebutuhan mencuci pakaian Anda sehari-hari."
58,Bibit Parfum Body/Badan 100 ml,55000,https://images.tokopedia.net/img/cache/500-square/VqbcmM/2024/5/28/6f2294a0-9fcd-4a7f-a077-7dae605acd89.jpg.webp?ect=4g,Ukuran Bibit Parfum 100 ml: Cocok untuk penggunaan pribadi dan mencoba aroma baru. Ukuran ini ideal untuk dibawa bepergian karena praktis dan tidak memakan banyak tempat.
59,Bibit Parfum Aqua Digio 100 ml ,55000,https://images.tokopedia.net/img/cache/500-square/VqbcmM/2024/5/28/14259e47-b362-4282-aa0a-16ba05de7b88.jpg.webp?ect=4g,"Bibit parfum ini murni asli tanpa campuran apapun dan dijamin ori dari pabrikannya. Jika Anda belum pernah mencoba aroma ini, Anda bisa membeli tester ukuran 100 ml untuk memastikan kesesuaian wangi sebelum membeli."
60,Produk Bundling Parfum Laundry,173000,https://images.tokopedia.net/img/cache/500-square/VqbcmM/2023/10/27/012b46bb-a52e-41da-a038-24bbe69def84.jpg.webp?ect=4g,Produk bundling dipersembahkan khusus bagi kalangan dunia usaha laundry dalam menemukan produk yang tepat sekaligus mendapatkan manfaat dari produk pendukung. Dengan produk bundling ini kami memperkenalkan produk dari Bandar Deterjen dengan harga ekonomis
61,Metanol Methanol 5 Liter,60000,https://images.tokopedia.net/img/cache/500-square/VqbcmM/2023/10/24/f22dc6ff-5672-4eb5-a922-36b3d0eeef8c.jpg.webp?ect=4g,Kami menghadirkan Anda solusi kimia yang kuat dalam kemasan besar. Metanol dalam botol 5 liter adalah jawaban untuk kebutuhan kimia Anda
62,Bibit Parfum Laundry Philux 1 kg,275000,https://images.tokopedia.net/img/cache/500-square/VqbcmM/2023/10/22/a9c4348b-4b8e-4299-9c0c-1a7f4d769eb0.jpg.webp?ect=4g,Philux Ori bukanlah bibit parfum laundry biasa. Ini adalah esensi murni dari wangi eksklusif yang akan membungkus pakaian Anda dalam aroma yang memikat
63,Parfum Laundry Philux 5 Liter Aroma Wangi Awet,163000,https://images.tokopedia.net/img/cache/500-square/VqbcmM/2023/10/22/2f47e13f-7b30-426a-9a2c-40681d38d263.jpg.webp?ect=4g,"Siapa yang tidak ingin mencuci pakaian dengan hasil yang tak hanya bersih, tapi juga wangi dan tahan lama? Kini, hadir parfum laundry Philuxdalam ukuran 5 liter yang praktis dan ekonomis, siap membawa pengalaman mencuci Anda ke level berikutnya"
64,Philux Parfum Laundry 1 Liter Aroma Wangi Awet dan Tahan Lama,36000,https://images.tokopedia.net/img/cache/500-square/VqbcmM/2023/10/22/9899fed8-f0e1-4cf8-b350-3e3720b22704.jpg.webp?ect=4g,"Philux Parfum Laundry tidak hanya memberikan wangi yang lembut, tetapi juga tahan lama. Cukup semprotkan ke pakaian Anda, dan hasilnya adalah pakaian yang tetap segar dan wangi sepanjang hari."
65,Parfum Laundry Maura 5 Liter: Wangi Awet dan Tahan Lama,163000,https://images.tokopedia.net/img/cache/500-square/VqbcmM/2023/10/22/07040ad6-9566-4ed9-9368-c82a1269799a.jpg.webp?ect=4g,"Pakaian yang wangi adalah kunci untuk merasa segar dan percaya diri setiap hari. Namun, bagaimana Anda bisa memastikan bahwa aroma wangi pakaian Anda tetap tahan lama? Jawabannya ada pada Parfum Laundry Maura 5 Liter"
66,Parfum Laundry Ukuran 5 Liter dengan Aroma Selena Gomez,163000,https://images.tokopedia.net/img/cache/500-square/VqbcmM/2023/10/20/edf7bbac-9b8b-4c8f-9711-000f701b9d0b.jpg.webp?ect=4g,"Kami persembahkan yang terbaik dalam dunia keharuman laundry! Parfum Laundry Ukuran 5 Liter dengan Aroma Selena Gomez, kini hadir untuk membawa pengalaman mencuci pakaian Anda ke tingkat yang luar biasa"
67,Bibit Parfum Laundry Aroma Doowny Black - 250 ml,90000,https://images.tokopedia.net/img/cache/500-square/VqbcmM/2023/10/20/bd517c72-d10e-4966-abc6-bf6f86b36a00.jpg.webp?ect=4g,"Ingin memberikan pakaian Anda sentuhan eksklusif yang hanya bisa diberikan oleh Doowny Black? Kami memiliki berita baik untuk Anda! Doowny Black, parfum laundry kelas dunia, sekarang hadir dalam bentuk bibit yang diimpor langsung dari sumbernya. Ini adalah produk asli yang akan memberikan keharuman khas Doowny Black pada setiap pakaian Anda"
68,Parfum Laundry Doowny Black 5 Liter,163000,https://images.tokopedia.net/img/cache/500-square/VqbcmM/2023/10/20/7959e0a2-8d14-4f98-b6ca-6a512a83f438.jpg.webp?ect=4g,"Anda ingin menghadirkan wewangian Doowny Black yang ikonis dalam setiap pakaian Anda, tetapi tidak ingin repot-repot beli parfum laundry lagi dan lagi? Inilah solusinya!"
69,Parfum Laundry 1 Liter Aroma Taylor Swift,36000,https://images.tokopedia.net/img/cache/500-square/VqbcmM/2023/10/20/9b96f6ce-7240-487c-a5bc-d5d2a5813647.jpg.webp?ect=4g,"Apakah Anda ingin pakaian Anda memiliki aroma seperti bintang pop terkenal Taylor Swift? Kami punya solusinya untuk Anda! Kami perkenalkan Parfum Laundry Taylor Swift Ukuran 1 Liter Kemasan Kecil. Dengan parfum laundry ini, pakaian Anda akan selalu harum, segar, dan memancarkan aroma yang wangi sepanjang hari."
70,Bibit Parfum Laundry Aroma Sakura Produk Asli Impor - 500 ml,160000,https://images.tokopedia.net/img/cache/500-square/VqbcmM/2023/10/20/03ba5028-1cc0-4c9e-86a7-80224942cdf1.jpg.webp?ect=4g,Apakah Anda ingin memberikan aroma segar bunga sakura pada setiap cucian Anda? Kami memiliki kabar baik untuk Anda! Saatnya untuk menjadikan setiap cuciannya menjadi pengalaman yang lebih istimewa dengan Bibit Parfum Laundry Aroma Sakura Produk Asli Impor.
71,Tahan Lama Wangi Awet dengan Parfum Laundry Aroma Bunga Sakura 5 Liter,163000,https://images.tokopedia.net/img/cache/500-square/VqbcmM/2023/10/20/2972eec2-c2a3-4cdf-a8f8-7efbc518d55a.jpg.webp?ect=4g,"Apakah Anda mencari cara untuk menjaga pakaian Anda tetap harum lebih lama? Kini hadir Parfum Laundry Aroma Bunga Sakura dalam ukuran besar 5 liter, untuk memberikan keharuman yang awet dan tahan lama pada setiap cuciannya. Dapatkan kelebihan wanginya sekarang!"
72,Parfum Laundry Aroma Sakura 1 Liter Wangi Awet dan Tahan Lama,36000,https://images.tokopedia.net/img/cache/500-square/VqbcmM/2023/10/20/dd229aa7-78c3-452f-8801-bb6a1edcf517.jpg.webp?ect=4g,"Apakah Anda ingin pakaian Anda selalu wangi seperti bunga sakura yang mekar sepanjang tahun? Dapatkan segera Parfum Laundry Aroma Sakura ukuran 1 liter dengan kemasan kecil yang pasti akan memberikan aroma sakura yang wangi, awet, dan tahan lama untuk pakaian Anda"
73,Bibit Parfum Laundry Aroma Paris Hilton - 500 ml,160000,https://images.tokopedia.net/img/cache/500-square/VqbcmM/2023/10/19/4a6815c7-0256-444e-b792-4214d26ee8cd.jpg.webp?ect=4g,"Dengan Biang Parfum Laundry Aroma Paris Hilton Original, Anda dapat menciptakan aroma mewah dan tahan lama pada pakaian Anda"
74,Parfum Laundry Pewangi 5 Liter Aroma Paris Hilton,163000,https://images.tokopedia.net/img/cache/500-square/VqbcmM/2023/10/19/453ed532-8574-4a46-a80b-c83b9cce4ba1.jpg.webp?ect=4g,"Siapa yang tidak menginginkan pakaian yang selalu wangi, awet, dan tahan lama? Sekarang, Anda bisa menghadirkan aroma keanggunan Paris Hilton dalam setiap serat pakaian Anda dengan Parfum Laundry Ukuran 5 Liter."
75,Parfum Laundry Pewangi 1 Liter Aroma Paris Hilton,36000,https://images.tokopedia.net/img/cache/500-square/VqbcmM/2023/10/19/c95129b9-7bb4-4177-8c61-e02b00c3cb2c.jpg.webp?ect=4g,"Paris Hilton, seorang ikon fashion dan keanggunan yang tak terbantahkan, selalu menghadirkan keharuman yang memikat. Sekarang, Anda pun bisa memiliki aroma eksklusif ini dalam lemari pakaian Anda dengan Parfum Laundry Aroma Paris Hilton."
76,Jerigen Galon 5 Liter Bekas,4500,https://images.tokopedia.net/img/cache/500-square/VqbcmM/2023/10/14/1df0b9df-3314-4101-99ae-e462b5797477.jpg.webp?ect=4g,Jerigen atau galon siap pakai kondisi bekas seperti baru TANPA tutup dalam.
77,Instagent Biang Sabun Deterjen Laundry Jadi 1 Liter,10000,https://images.tokopedia.net/img/cache/500-square/VqbcmM/2023/10/10/f75a0362-2b84-436f-a330-24e3b45d9260.jpg.webp?ect=4g,"Deterjen instan hanya dengan menambahkan air saja dan aduk sudah jadi dan siap pakai. Formula yang rendah busa (low foam) bisa digunakan untuk mesin cuci bukaan atas atau depan agar lebih hemat air, ramah lingkungan dan pastinya lebih hemat."
78,Klenzo Pembersih Mesin Cuci,49500,https://images.tokopedia.net/img/cache/500-square/VqbcmM/2023/10/10/67ddd1a0-1cc6-422f-bb54-120f00d702ef.jpg.webp?ect=4g,"Klenzo washing machine cleaner adalah produk pembersih mesin cuci baik untuk top maupun front loading (tutup bukaan atas atau depan)yang berfungsi memberihkan kuman, bakteri , serta kotoran yang sudah lama mengendap pada tabung mesin cuci."
79,Boedray Tyre Polish Semir Ban Motor Mobil - 250 ml,7500,https://images.tokopedia.net/img/cache/500-square/VqbcmM/2023/10/3/fde4b59c-718a-4936-abe2-51f874c62776.jpg.webp?ect=4g,"Keunggulan dari semir ban dari produk Boedray Tyre Polish di antaranya adalah hasil wet look (mengkilap) , tidak terlalu kental dan encer sehingga mudah untuk diaplikasikan , daya tahan yang sangat lama, semir ban murah tetapi sangat ekonomis, dan tidak merusak ban."
80,Boedray Touchless Car Shampoo Motor & Mobil 5 L,150000,https://images.tokopedia.net/img/cache/500-square/VqbcmM/2023/9/27/43d60901-7b76-4d5e-868d-4b236497470a.jpg.webp?ect=4g,Touchless shampoo membantu melunakkan kotoran pada mobil yang nantinya akan ikut turun bersama busa saat disemprotkan pada kendaraan.
81,Sabun Colek Krim Multi-Guna,5500,https://images.tokopedia.net/img/cache/500-square/VqbcmM/2023/9/23/0d3c07cd-03f2-425a-b707-f399f90a3811.jpg.webp?ect=4g,"Sabun Colek Krim Multi-Guna kami adalah solusi serbaguna untuk tugas-tugas harian Anda. Dengan tekstur lembut dan aroma wangi yang menyegarkan, produk ini akan membantu Anda mencuci piring, mencuci baju, dan membersihkan kendaraan dengan mudah dan efisien"
82,Deterjen Detergen Sabun Cair Laundry Wangi - 500 ml,5000,https://images.tokopedia.net/img/cache/500-square/VqbcmM/2023/9/22/62376aec-d489-4925-b7eb-592db06c71e5.jpg.webp?ect=4g,"Dengan detergen kami, Anda tidak perlu mengorbankan kebersihan untuk mendapatkan aroma yang indah. Formula kami dirancang untuk menghilangkan noda dan kotoran dengan sempurna, sambil meninggalkan pakaian Anda dengan aroma yang segar dan tahan lama"
83,Plain Detergent Kualitas Bersih Tanpa Warna dan Aroma 5L,45000,https://images.tokopedia.net/img/cache/500-square/VqbcmM/2023/9/22/2e4b8344-86c0-43b5-98f4-05fd7e3daa33.jpg.webp?ect=4g,Anda menginginkan kebersihan yang luar biasa tanpa perlu khawatir tentang warna atau aroma yang mengganggu? Kami punya solusi yang sempurna untuk Anda! Plain Detergent hadir dengan formula canggih yang menghilangkan noda dan kotoran tanpa meninggalkan jejak warna atau aroma yang kuat.
82,Shampoo Karpet 5L,4950,https://images.tokopedia.net/img/cache/500-square/VqbcmM/2023/9/21/ef7915bf-7e4c-4375-adf2-195980157852.jpg.webp?ect=4g,"Terbuat dari bahan aktif high concentrate yang mampu mengangkat kotoran dan dapat menghilangkan bau apek dan bau tak sedap lainnya karena mengandung anti bakteri sehingga karpet Anda akan terlindung dari gangguan kuman, bakteri, jamur, tungau."
83,Atinsoft Bahan Sabun Paket Deterjen,80000,https://images.tokopedia.net/img/cache/500-square/VqbcmM/2023/9/21/75edc42a-edfe-423e-8004-1d6b68120698.jpg.webp?ect=4g,Sedia paket deterjen atau bahan sabun bisa diolah sendiri di rumah dengan berat ringan jadi hemat ongkos kirim. Bahan sabun tersebut di antaranya 1. Sabun deterjen laundry (jadi 15 liter) 2. Sabun cuci piring (jadi 15 liter) 3. Handsoap (jadi 15 liter) 4. Shampoo mobil (jadi 15 liter) 5. Shampoo karpet (jadi 15 liter) 6. Sabun pel lantai (jadi 15 liter) 7. Karbol sereh (jadi 20 liter) 
84,Sarung Gamis Baju Pengantin Kebaya,15000,https://images.tokopedia.net/img/cache/500-square/VqbcmM/2023/9/17/aa7d5224-843a-4d38-abac-831cb7cdb31c.jpg.webp?ect=4g,"Sarung gamis bisa untuk baju pengantin, kebaya dan pakaian panjang lainnya. Ukuran 55x155 cm. Warna hitam 6 pcs, biru 2 pcs. Ngabisi stok aja"
85,Gantungan Baju Hanger Kawat Stainless,1500,https://images.tokopedia.net/img/cache/500-square/VqbcmM/2023/9/17/12768dfe-5c85-4e4c-88a6-a506f29dba4a.jpg.webp?ect=4g,Hanger baju kawat dari stainless steel anti karat dengan ujung gantungan dengan model anti slip. Minimum order 10 pcs ya karena 1 pack isi 10 pcs
86,Parfum Hewan Kucing Anjing,12500,https://images.tokopedia.net/img/cache/500-square/VqbcmM/2023/9/17/cbfda654-8ef4-4c6f-b4cf-8ce04b5248aa.jpg.webp?ect=4g,Anda dapat menghadirkan aroma yang tak terlupakan untuk mengungkapkan cinta dan koneksi Anda yang mendalam dengan hewan kesayangan Anda! Parfum Hewan: Keharuman Terinspirasi oleh Kasih Sayang Anda Aroma yang Disesuaikan:
87,Sampo Hewan Kucing Anjing Pet Shampoo,7000,https://images.tokopedia.net/img/cache/500-square/VqbcmM/2023/9/17/022447f8-b781-4534-8643-9e8ebe208dac.jpg.webp?ect=4g,"Pet shampoo khusus hewan kesayangan ini juga cocok untuk anjing, musang, terwelu/kelinci dan hewan berbulu lainnya."
88,Alkholisi Parfum Karpet Masjid Non Alkohol 5L,300000,https://images.tokopedia.net/img/cache/500-square/VqbcmM/2023/9/16/cc6268dc-eeaf-4ac1-9aff-ad2f6db5e934.jpg.webp?ect=4g,"Dengan parfum karpet masjid kami, Anda bisa merasakan aroma yang memikat sepanjang waktu! Aroma Timur Tengah yang Memikat: Elegan dan Memikat"
89,Alkholisi Parfum Karpet Masjid Non Alkohol 1 L,75000,https://images.tokopedia.net/img/cache/500-square/VqbcmM/2023/9/16/4533cfb2-2982-42b7-bb74-281eabfe93a2.jpg.webp?ect=4g,"Bawa Keindahan Aroma Timur Tengah ke Karpet Masjid Anda! Apakah Anda ingin memberikan sentuhan khusyuk dan semangat yang khas Timur Tengah ke masjid Anda? Dengan parfum karpet masjid kami, Anda bisa merasakan aroma yang memikat sepanjang waktu! Aroma Timur Tengah yang Memikat:"
90,Kalsium Karbonat CaCo3 1kg,5500,https://images.tokopedia.net/img/cache/500-square/VqbcmM/2023/9/14/23fe52d1-ea3d-4b62-9ff4-1a88d42c5f74.jpg.webp?ect=4g,Kalsium karbonat adalah senyawa kimia dengan rumus CaCO3. Ini adalah salah satu bahan kimia yang memiliki berbagai fungsi dan manfaat di berbagai industri dan aplikasi.
91,Kaolin Clay 1kg,15000,https://images.tokopedia.net/img/cache/500-square/VqbcmM/2023/9/14/8735cec7-ea8b-4050-b153-b06b463e2285.jpg.webp?ect=4g,"Kaolin clay, juga dikenal sebagai clay putih atau kaolinit, adalah jenis tanah liat yang berasal dari mineral kaolinit. Kaolin clay memiliki berbagai fungsi dan manfaat dalam berbagai aplikasi"
92,Soda Ash Dense Soda Abu Karbonat,15000,https://images.tokopedia.net/img/cache/500-square/VqbcmM/2023/9/14/f66e3937-a589-4c15-b5cd-c9054530f6e4.jpg.webp?ect=4g,"Soda abu, atau sodium karbonat, adalah senyawa kimia yang memiliki banyak fungsi dan manfaat dalam berbagai industri dan aplikasi."
93,Sodium Natrium Sulfat 1 Kg,10000,https://images.tokopedia.net/img/cache/500-square/VqbcmM/2023/9/14/77c37369-faae-46ea-a0fd-de3ce08b2e71.jpg.webp?ect=4g,"Natrium sulfat adalah senyawa kimia dengan rumus Na2SO4. Senyawa ini memiliki beberapa fungsi dan kegunaan dalam berbagai bidang, termasuk industri, kimia, dan farmasi."
94,Resep Sabun - Cuci piring,375000,https://images.tokopedia.net/img/cache/500-square/VqbcmM/2023/9/12/ce8c6513-a03f-4258-a862-820bc957a792.jpg.webp?ect=4g,"Ingin Punya Bisnis dan Produk Sendiri? Dengan memiliki resep sabun Anda bisa berpeluang sukses menjual ratusan produk yang akan membawa pundi-pundi ke kantong milik Anda. Tak perlu datang, cukup pelajari resep dan video, semua bisa dikerjakan di rumah"
95,Resep Kimia Laundry - Parfum laundry,375000,https://images.tokopedia.net/img/cache/500-square/VqbcmM/2023/9/11/9dfffbff-57e7-4410-ae8b-f636b2091a97.jpg.webp?ect=4g,"Wahai Pengusaha Laundry, Inikah Yang Anda Rasakan? • Parfum laundry tambah mahal aja, udah itu wanginya nggak awet. • Pengen bikin sabun sendiri aja, habisnya boros! • Ini kalau saya tahu cara bikin softener asyik nih • Andai saya bisa bikin pewangi pelicin setrika, bisa jadi irit"
96,SOP Laundry,99000,https://images.tokopedia.net/img/cache/500-square/VqbcmM/2023/9/11/36543caa-db62-4feb-a824-792eb1c2fb4d.jpg.webp?ect=4g,Panduan Lengkap Bisnis Laundry Anda Tentang ebook SOP Laundry Ebook SOP Laundry kami adalah panduan praktis yang dirancang khusus untuk membantu pengusaha laundry atau calon pengusaha laundry dalam mengoptimalkan operasional bisnis mereka.
97,Resep Kimia Industri,99000,https://images.tokopedia.net/img/cache/500-square/VqbcmM/2023/9/11/ad07453b-83d3-460d-803d-97ed32034965.png.webp?ect=4g,"Ada lebih dari 100 resep kimia industry dalam bidang laundry, otomotif, skincare, dan kimia rumah tangga yang bisa menjadi rujukan dan peluang usaha"
98,Detoxy Deterjen Oxy Sabun Anti Noda 5 Liter,6000,https://images.tokopedia.net/img/cache/500-square/VqbcmM/2023/9/11/d6e82f0a-9f33-47f0-9ceb-68cae0b8a3f5.jpg.webp?ect=4g,Deterjen oxy ini diformulasikan untuk menghilangkan noda pada pakaian untuk jasa laundry kiloan. Sabun dalam bentuk cair dengan dua ukuran mampu merontokkan noda darah sekaligus mencerahkan pakaian.
99,Home Pembersih Kerak Keramik - 1 liter jerigen Hard,16000,https://images.tokopedia.net/img/cache/500-square/VqbcmM/2023/9/6/4726fc00-55d7-4808-82f0-666d970db882.jpg.webp?ect=4g,"Cairan pembersih porselin dan keramik terbuat dari bahan aktif, sangat efektif untuk mengupas dan membersihkan kerak yang telah menempel dan mengendap pada keramik dan porselin"
100,"Cairan pembersih porselin dan keramik terbuat dari bahan aktif, sangat efektif untuk mengupas dan membersihkan kerak yang telah menempel dan mengendap pada keramik dan porselin",34500,https://images.tokopedia.net/img/cache/500-square/VqbcmM/2023/9/3/46b84725-f273-4274-9696-88fb6f0aa144.jpg.webp?ect=4g,"Home Glass Cleaner 5 liter merupakan cairan pembersih yang berfungsi untuk menghilangkan lemak, noda pada kaca atau jendela Anda. Melindungi dan memberi cahaya jernih, serta membuat licin permukaan pada kaca dan perabot lainnya. Dengan kemasan yang praktis dan mudah untuk digunakan. "
101,Laundry Emulsifier Anti Noda Minyak Oli 5 Liter,70000,https://images.tokopedia.net/img/cache/500-square/VqbcmM/2023/9/3/a9481f49-cda4-40f7-b83a-424268c7cf63.jpg.webp?ect=4g,Kimia Laundry Emulsifier berguna untuk : 1. Menghilangkan noda minyak dan lemak pada seragam koki / seragam industri (berbahan polyester katun / linen 2. Emulsifier sering digunakan dalam proses spotting noda minyak / lemak pada seragam koki / seragam industri yang kotor 3. Memperkuat kinerja detergent 
102,Laundry Karsobed Penghilang Noda Jamur 5 Liter,95000,https://images.tokopedia.net/img/cache/500-square/VqbcmM/2023/9/2/2ce47619-8e25-46c7-bba9-fda1ee075eaa.jpg.webp?ect=4g,"Produk ini sangat efektif untuk menghilangkan jamur dan membersihkan bantal atau baju yang dekil. Laundry Karsobed adalah formula pembersih untuk noda jamur pada pakaian, noda dekil pada bantal guling dan lain-lain"
103,Laundry Karsobed Anti Jamur Pakaian,24500,https://images.tokopedia.net/img/cache/500-square/VqbcmM/2023/9/2/e558dba3-1ac6-4466-825c-4cc948902b4c.jpg.webp?ect=4g,"Laundry Karsobed adalah formula pembersih untuk noda jamur pada pakaian, noda dekil pada bantal guling dan lain-lain. Karsobed ini juga untuk karsobed yakni membersihkan karpet, sofa , dan spring bed."
104,Laundry Chlorine Bleach Pemutih Pakaian 5 Liter,45000,https://images.tokopedia.net/img/cache/500-square/VqbcmM/2023/9/2/d8530ffb-1907-44b7-a937-2d4a6e3fb3c6.jpg.webp?ect=4g,Laundry+ Pemutih Pakaian (Chlorine Bleach) 5 liter adalah pemutih pakaian dengan klorin organik yang efektif untuk menghilangkan noda membandel dan mencerahkan pakaian berwarna putih. Mengandung disinfektan untuk membunuh kuman
105,Laundry Sour 1000 ml,17500,https://images.tokopedia.net/img/cache/500-square/VqbcmM/2022/8/12/5e14eabd-79ce-47ef-b322-b3ca538eb84d.jpg.webp?ect=4g,"Kimia laundry yang diformulasikan untuk membantu menetralisir suasana alkali, detergent, dan bahan kimia lainnya. Mencegah efek kekuningan dan mengangkat sisa luruhan kimia yang melekat yang tertinggal pada kain. "
106,Oxyboost Laundry Untuk Antinoda,24500,https://images.tokopedia.net/img/cache/500-square/VqbcmM/2021/9/5/19e8533c-ea51-427e-9092-ded899469025.jpg.webp?ect=4g,Oxyboost penghilang noda jamur dan darah. Dapat digunakan pada saat proses melebur noda darah dan kotoran berat dengan takaran secukupnya. Noda darah akan melebur bersama oxygen yang terkandung di dalam oxy booster dan terangkat menjadi buih
107,Oxygen Bleach Pencerah Pakaian 5 Liter,62000,https://images.tokopedia.net/img/cache/500-square/VqbcmM/2023/9/1/326ad8a2-9eeb-481f-b866-c3e1d73cb5d8.jpg.webp?ect=4g,"Oxygen bleach berguna sebagai anti noda dan pencerah warna pakaian..Dengan gelembung-gelembung oksigen menghancurkan juga mengangkat noda, kotoran, bau dan kuman.Produk ini baik digunakan untuk pakaian yang berwarna karena dapat mencerahkan warna pakaian dan tidak menyebabkan warna pada pakaian memudar."
108,Kimia Laundry Alkalite 5 Liter,45000,https://images.tokopedia.net/img/cache/500-square/VqbcmM/2023/9/1/c95b51b6-ed85-4fb4-8859-355ffaebd32f.jpg.webp?ect=4g,"Alkalite laundry mempunyai sifat dasar basa yang dapat di gunakan sebagai anti noda kotor akibat tanah, daki pada kerah baju, bagian bawah celana panjang, kantong, lengan baju dll. Selain itu alkalite bisa digunakan dengan cara spotting langsung pada nodanya ataupun saat proses perendaman."
109,Aromax Pewangi Setrika Spray,9500,https://images.tokopedia.net/img/cache/500-square/VqbcmM/2023/8/29/a0139524-b3dc-4b03-b127-8e172350fce5.jpg.webp?ect=4g,Pelicin setrika sekaligus berfungsi untuk melembutkan juga membuat wangi pada pakaian. Kemasan 500 ml spray tinggal semprot sahaja
110,Home Glass Cleaner Pembersih Kaca Spray Galon 1L - 1 liter galon,8500,https://images.tokopedia.net/img/cache/500-square/VqbcmM/2023/9/3/dd776c0e-7af9-4d8e-a1c7-00872ee67d59.jpg.webp?ect=4g,"Home Glass Cleaner Spray 500ml dan galon 1 liter merupakan cairan pembersih yang berfungsi untuk menghilangkan lemak, noda pada kaca atau jendela Anda. Melindungi dan memberi cahaya jernih, serta membuat licin permukaan pada kaca dan perabot lainnya"
111,Boedray Eau De Parfume,25000,https://images.tokopedia.net/img/cache/500-square/VqbcmM/2023/4/8/0ffa8c7d-c676-43bf-83f8-29edddb1e079.jpg.webp?ect=4g,Parfum boedray dengan aneka wangi pilihan cocok untuk pria dan wanita. Isi 30 ml
112,Waterbase Pet Deodorizer Parfum Kucing Anjing,10000,https://images.tokopedia.net/img/cache/500-square/VqbcmM/2023/4/8/a07a45d7-9f82-47dd-ab50-db2f49c30933.jpg.webp?ect=4g,Pet deodorizer dengan bahan air (waterbase) dipastikan aman untuk hewan kesayangan Anda seperti kucing dan anjing dibandingkan dengan bahan alkohol. Pelarut alkohol dengan bau menyengat membuat binatang tak nyaman. Pilihlah meongguk waterebase pet deodorizer. Ukuran 100 ml
113,"My Mawar Pewangi Setrika - Merah, 1 liter",9900,https://images.tokopedia.net/img/cache/500-square/VqbcmM/2022/3/28/3bccc600-7a18-4db6-b09b-d14618a964b5.jpg.webp?ect=4g,Seperti namanya kegunaan pelicin setrika adalah membantu setrika (dalam hal ini setrika listrik) meluncur dengan leluasa di atas kain. Fungsinya adalah mengurangi gesekan atau hambatan antara setrika dan kain sehingga mempercepat proses menyetrika atau menggosok pakaian.
114,Kreolin 5 liter Pembersih Lantai,60000,https://images.tokopedia.net/img/cache/500-square/VqbcmM/2022/3/23/bcb74036-e640-4645-af10-14c15e50e17e.jpg.webp?ect=4g,"Kreolin non deterjenik pembersih lantai, kamar mandi, dan kandang hewan dengan aroma sereh dan pinus"
115,Kreolin Pembersih Lantai Toilet - 1 liter,13000,https://images.tokopedia.net/img/cache/500-square/VqbcmM/2022/3/23/663ea769-d2d5-4d39-8701-463e5f77fa8c.jpg.webp?ect=4g,Kreolin non deterjenik pembersih lantai dan toilet juga bisa untuk kandang hewan dengan aroma sereh dan pinus.Tuang sekitar 30 ml atau disesuaikan dengan kebutuhan ke dalam ember yang telah berisi air. Air tersebut bisa untuk membantu dalam mengepel lantai atau disemprotkan ke kandang hewan atau toilet dan kamar mandi.
116,Klinsol Karbol Hitam Pembersih Lantai Toilet Kandang,15000,https://images.tokopedia.net/img/cache/500-square/VqbcmM/2022/3/23/8ae238ce-f6c1-4563-8b7a-86c8b6e00c75.jpg.webp?ect=4g,"Pembersih non deterjenik, terbuat dari arpus atau biasa disebut dengan Gondo Rukem/Gum Ressin/Resina colophonium gondorukem adalah getah dari pohon pinus (pinus merkusi).beserta material lainnya berfungsi untuk - membersihkan lantai dari kuman - membersihkan bau toilet dan kamar mandi - membersihkan kandang hewan, dll"
117,Mixerstick Alat Pengaduk Sabun - 600x120,200000,https://images.tokopedia.net/img/cache/500-square/VqbcmM/2022/1/8/3f8126ad-7612-4a12-ab5e-cd9e6283b88b.jpg.webp?ect=4g,Silahkan dipilih gan. Ada berbagai ukuran 1. Merah besi Panjang 380 mm Diameter 80 mm Terbuat dari besi dicat 2. Putih Galvanis Panjang 450 mm Diameter 100 mm Terbuat dari galvanis 3. Stainless (kosong) Panjang 500 mm Diameter 50 mm Terbuat dari besi stainless 4. Galvanis Putih Panjang 600 mm Diameter 120 mm Terbuat dari galvanis Muat matabor 10 dan 13 mm
118,Deterjen Oxy Detoxy Sabun Anti Noda1 Liter,15000,https://images.tokopedia.net/img/cache/500-square/VqbcmM/2021/12/17/c4fb1308-36a8-4ba8-b980-b207d28f6f71.jpg.webp?ect=4g,Deterjen oxy ini diformulasikan untuk menghilangkan noda pada pakaian untuk jasa laundry kiloan. Sabun dalam bentuk cair dengan dua ukuran mampu merontokkan noda darah sekaligus mencerahkan pakaian.
119,Handsoap Sabun Cuci Tangan Pump,12500,https://images.tokopedia.net/img/cache/500-square/VqbcmM/2021/12/17/7a9cdc76-5855-49e8-a0d5-fb92de01a06b.jpg.webp?ect=4g,"Sabun ini lebih efektif membunuh kuman, virus, dan bakteri. Gunakan dengan air mengalir ya. Ada berbagai macam arima yang bisa agan pilih: - Strawberry - Apel -Anggur -Kopi Pastinya wangi dan bermanfaat "
120,Deterjen Sabun Laundry Non Parfum Tanpa Aroma - 1 liter botol,15000,https://images.tokopedia.net/img/cache/500-square/VqbcmM/2021/11/10/3d6b8a88-08f8-4e85-be73-074655de4baa.jpg.webp?ect=4g,Nah bagi Anda yang nggak suka wangi-wangian atau request dari pelanggan laundry agar tidak pakai parfum bisa nih pakai deterjen laundry non parfum. Selain percuma juga deterjen gunakan parfum toh pakaian setelah habis dicuci dan ketika dikeringkan juga akan tidak ada wanginya
121,Biang Pewangi Pelicin Setrika Aroma Sakura Untuk 5 Liter,45000,https://images.tokopedia.net/img/cache/500-square/VqbcmM/2021/11/10/1582277d-2d0d-4e88-ad0e-ec4e72c6a52c.jpg.webp?ect=4g,Digunakan saat menyetrika pakaian untuk para ibu ataupun usaha binatu/laundry. Dikemas dalam bentuk biang/konsentrat yang Cuma beratnya 300an gram bisa jadi 5 liter air. Cukup tambahkan air isi ulang saja dan dikocok saja sudah bisa langsung digunakan
122,Paket Resin Mat Talk Katalis,120000,https://images.tokopedia.net/img/cache/500-square/VqbcmM/2021/10/26/27c73cc6-4260-402c-b9b8-ace817e9d5e1.jpg.webp?ect=4g,"Bagi Anda yang gemar berkreasi kini tersedia paket resin dengan katalis beserta mat, dan talk. Sudah komplit untuk lakukan karya terbaik. Paket terdiri dari; 1 kg resin 1 kg talk 500 g mat 25 g katalis"
123,Aromax Parfum Thai 30 ML,14500,https://images.tokopedia.net/img/cache/500-square/VqbcmM/2022/11/7/78df7fb5-324b-4534-82ad-bc692fcc5210.jpg.webp?ect=4g,"Sedia parfum body/badan ukuran 30 ml dengan berbagai aroma. Masih banyak sedia aroma yang lain. Cocok dipakai sendiri, buat hadiah, atau dijual lagi."
124,Parfum Sabun Pembersih Laundry Sepatu Anti Bakteri,9500,https://images.tokopedia.net/img/cache/500-square/VqbcmM/2022/11/6/81b82e8e-ec89-42b4-86bc-6e5788cc3126.jpg.webp?ect=4g,"Parfum sepatu anti bakteri ukuran 25 ml berbagai macam aroma. Bisa digunakan untuk topi, tas, dan helm. Sabun pembersih sepatu ukuran 250 ml. Untuk paket bundle silahkan request nama parfum"
125,Sample Parfum Bibit 50 ml Laundry Group B,15000,https://images.tokopedia.net/img/cache/500-square/VqbcmM/2022/11/8/5666f986-7341-4139-b72f-cacc49929363.jpg.webp?ect=4g,"Kini ada bibit parfum aroma vanilla yang wanginya semerbak. Bibitnya asli tanpa campuran apapun dan kemasan repacking 50 ml cocok untuk parfum laundry, softener, dan sabun."
126,KlenzoDetergen Sabun Cair Cuci Pakaian Laundry 5 Liter - plastik,29000,https://images.tokopedia.net/img/cache/500-square/VqbcmM/2022/1/3/f15ea4e0-5c3f-4a72-8032-bd6e96544b4d.jpg.webp?ect=4g,Deterjen cair untuk cuci pakaian ramah lingkungan dengan formulasi rendah busa sangat cocok untuk digunakan pada mesin cuci front loading maupun top loading. Min order 8 pcs.
127,Arpus Gondorukem Batu Siongka Getah Pinus Setengah Kg,25000,https://images.tokopedia.net/img/cache/500-square/VqbcmM/2021/9/28/310eaaae-2bb3-4aa6-b4c2-2d0e7ed4d08a.jpg.webp?ect=4g,"MANFAAT ARPUS / SIONGKA / GONDORUKEM / GETAH PINUS Untuk Kesehatan : 1. Bronchitis 2. Nyeri otot 3. Vitamin c 4. Meredakan stress (aroma terapi) untuk industri : 1•Cat (sebagai campuran) 2. Pelapis Ban 3. Tinta 4. Plastik 5. Sabun, karbol 6. Semir sepatu"
128,Klenzo Deterjen Detergen Sabun Cuci Pakaian Laundry 1 Liter,12000,https://images.tokopedia.net/img/cache/500-square/VqbcmM/2021/9/28/8b715a59-e649-4adc-921a-e2413338e729.jpg.webp?ect=4g,Deterjen atau sabun untuk cuci pakaian ramah lingkungan dengan formulasi rendah busa sangat cocok untuk penggunaan mesin cuci front loading maupun top loading. Sudah ada pewanginya ya
129,Biang bibit parfum pewangi baju laundry BLUE FRESH 100ml,39000,https://images.tokopedia.net/img/cache/500-square/VqbcmM/2021/9/27/53712ff9-c66d-4de1-a9d8-9db6440d3366.jpg.webp?ect=4g,PARFUM BLUE FRESH 100 ML MINYAK WANGI TAHAN LAMA di jamin murni pakaian yang bersih dan wangi akan membuat pemakainya semakin percaya diri. Dengan pakaian yang harum dan wangi dari pewangi laundry aroma akan membuat nyaman dan tenang bagi pemakainya
130,Bibit Biang Parfum Laundry Sakura Fragrance Oil 1 Liter,275000,https://images.tokopedia.net/img/cache/500-square/VqbcmM/2021/9/27/a66decd8-aa0c-44f6-a1f0-5362db3593a3.jpg.webp?ect=4g,"Bibit parfum aroma sakura sangat terkenal di kalangan pengusaha laundry karena aromanya yang harum. Dan ini wangi terlaris sepanjang masa. Belum dicampur apapun, masih ori dan merupakan repacking menjadi 1 liter."
131,Bibit Parfum Minyak Kasturi Kijang Asli Arab Pewangi Ibadah - 3 ml,7000,https://images.tokopedia.net/img/cache/500-square/VqbcmM/2024/5/19/aa790b29-a2d8-40a0-81d8-ecf13c4aceed.jpg.webp?ect=4g,"Parfum ini mempunyai aroma menenangkan kuat khas Arab Saudi karena isinya bibit asli tanpa campuran apapun. Cocok untuk diapakai buat sholat, dzikir, ke majelis ta’lim atau buat sehari-hari. Wanginya menyebar dan menempel tahan sampai berhari-hari. Terbukti!"
132,Minyak Wangi Bibit Parfum MAURA baby 100ml,38500,https://images.tokopedia.net/img/cache/500-square/VqbcmM/2021/9/25/53eb9c28-79d1-4c97-8afd-0545948c414e.jpg.webp?ect=4g,Bibit Parfum 100% Murni amp; non alkohol * Bibit Parfum Yang Kami jual murni asli biang parfum tanpa di campur dengan bahan kimia lain nya. 
133,Gliserin gliserol glycerin glycerol gliceryn 1 liter 1000 ml,45000,https://images.tokopedia.net/img/cache/500-square/VqbcmM/2021/9/24/6eb2ec94-4467-4bd6-9474-267c92f4d407.jpg.webp?ect=4g,"Bentuk cairan dengan konsentrat 98%. Penggunaan untuk bahan sanitizer, antiseptic tau keperluan lainnya."
134,Oxal Clean Pembersih Noda Baju Dan Porcelain 100 g,15000,https://images.tokopedia.net/img/cache/500-square/VqbcmM/2023/9/4/84671b9f-89dd-488e-8acd-a6ebb6add003.jpg.webp?ect=4g,Oxal Clean adalah bubuk ajaib yang biasa di gunakan oleh pengusaha laundy atau tekstil karena bubuk ini mampu merontokan noda pada kain terutama bagi yang punya sumber air kurang bagus. Selain itu oxal clean dapat menghilangkan noda pada porselain seperti. dinding /lantai kamar mandi. Bisa juga membersihkan noda pada peralatan dapur
135,Tawas Batu Deodorant Dan Penjernih Air 100 gr,7000,https://images.tokopedia.net/img/cache/500-square/VqbcmM/2021/9/20/4d5e27e8-d2af-4f42-b32b-44f2a1904362.jpg.webp?ect=4g,Tawas ini dalam bentuk bongkahan seperti kerikil bercampur Tawas sebagai deodoran dan penjernih air.
136,CMC Carboxymethyl Cellulose Food Grade Pengental Makanan 100 g,19000,https://images.tokopedia.net/img/cache/500-square/VqbcmM/2021/9/20/aef57053-1a56-4e4a-80b6-c7109a4629cb.jpg.webp?ect=4g,CMC (carboxymextyl cellulose) adalah bahan dari tepung gum yang bersifat menstabilkan atau mengentalkan adonan celup agar adoanan tidak mudah turun saat digunakan
137,STPP Food Grade - Sodium Tripolyphosphate - Pengenyal Bakso 100 Gram,9500,https://images.tokopedia.net/img/cache/500-square/VqbcmM/2021/9/20/8007487f-9504-4ad5-89de-f93fcdb1a7a9.jpg.webp?ect=4g,STPP FG ini berbentuk powder berwarna putih. STPP FOOD GRADE ini oleh BPOM boleh digunakan untuk Bahan Tambahan Pangan (BTP) dengan pemakaian 0.2-0.4 % dari berat total bahan.
138,PELICIN Setrikaan Pakaian Plain 1L Non-Parfum Laundry Care Indonesia,9900,https://images.tokopedia.net/img/cache/500-square/VqbcmM/2021/9/19/56c97d51-31ce-4f26-96a4-7e28ca1307aa.jpg.webp?ect=4g,"Membuat pekerjaan menyetrika menjadi jauh lebih cepat dan menyenangkan. Mengandung anti-bakterial sehingga pakaian tidak apek akibat bakteri. Tidak wangi, biasa dipakai Jasa Laundry, karena untuk mendapatkan wangi nantinya menggunakan Parfum Laundry setelah selesai proses penyetrikaan"
139,Bibit Parfum 50 ml Sample Laundry Group A,12000,https://images.tokopedia.net/img/cache/900/VqbcmM/2022/11/8/be762b21-4d2d-45f0-b69b-a6ae0459d15d.jpg,"Ini benar-benar bibit parfum 50 ml pure berupa bibit atau biang tidak dicampur apapun repacking dari kemasan aslinya. Cocok untuk parfum laundry, pelicin setrika, atau pelembut/softener pakaian."
140,Bibit Parfum Pelembut Softener Molto Pink 100 cc,38000,https://images.tokopedia.net/img/cache/500-square/VqbcmM/2021/9/14/62357150-4562-4c27-bd6d-f33d8ad6eef7.jpg.webp?ect=4g,"Bibit atau biang parfum laundry molto pink 100% ASLI tanpa campuran memberikan aroma wangi dan menyegarkan. Bisa diapalikasikan untuk parfum laundry, pelicin setrika, pelembut atau softener pakaian. Banyak dipakai di hotel mewah. "
141,Bibit Parfum Aroma Sereh Wangi Lemon Grass 100 ml,42500,https://images.tokopedia.net/img/cache/500-square/VqbcmM/2021/9/14/ed400fe6-cad5-42cd-9108-62fcfe7a7cc8.jpg.webp?ect=4g,"Bibit parfum SEREH WANGI - LEMON GRASS merupakan aroma sangat umum digunakan oleh pengusaha household dan kosmetik untuk pewangi di industri laundry, shampoo, sabun, pembersih lantai dsb."
142,Silicone Emulsion 1L Cair Silikon Emulsi SE Semir Ban Ex Matapel,90000,https://images.tokopedia.net/img/cache/500-square/VqbcmM/2021/9/14/766ad06f-46e4-4400-b6c9-67ba9e7caeaa.jpg.webp?ect=4g,Kemasan 1 liter repacking dari Matapel Kegunaan : Efek Wetlook pada permukaan Karet dan Kulit / Semi Kulit Mengembalikan Elastisitas Karet dan Kulit / Semi Kulit dan memberikan efek anti cracking (retak2) Efek Anti Static sehingga debu dan kotoran tidak mudah menempel kembali 
143,LABSA / LAS/ Linear Alkylbenzene Sulfonate,32500,https://images.tokopedia.net/img/cache/500-square/VqbcmM/2021/9/14/3381c775-ae51-486e-bfff-57cd50342894.jpg.webp?ect=4g,"Linear Alkylbenzene Sulfonate dalam bidang industri banyak digunakan sebagai bahan aktif pembuatan deterjen sintetis, selain itu juga banyak digunakan sebagai bahan baku pembuat bahan pembersih seperti pembersih lantai, peralatan rumah tangga yang memakai bahan kimia ini"
144,Bubuk Serbuk Ajaib Untuk Anti Noda Laundry,19000,https://images.tokopedia.net/img/cache/500-square/VqbcmM/2023/9/4/c1e534d2-4213-4056-a26f-e9f91a988657.jpg.webp?ect=4g,"Deterjen Bubuk Serbuk Ajaib Untuk Usaha Laundry Manfaat Bubuk Ajaib 1. Sebagai pemutih. Khusus bahan katun putih dan poliester Warna putih (Jika ragu, lakukan test dulu dibagian tersembunyi.) 2. Penghilang bauapek karpet 3. Pemutih rumbai karpet 4. Penghilang jamur pada bantal dan guling"
145,Sodium Metasilicate (SIMET) 1 Kg,30000,https://images.tokopedia.net/img/cache/500-square/VqbcmM/2021/9/12/9270b000-29f5-41cc-ae93-3ff3bdd20ef8.jpg.webp?ect=4g,Sodium metha silicate banyak digunakan di industri sabun dan pembersih karena sifatnya yang sangat membantu untuk melepaskan kotoran dan mencegahnya untuk menempel kembali. Sodium metha silicate memberikan efek keset dan bersih pada sabun cuci piring.
146,Natrosol Cellosize/HEC 1 Kg,20000,https://images.tokopedia.net/img/cache/500-square/VqbcmM/2021/9/12/649b8732-3cce-492f-81cd-b6ccbc5cd107.jpg.webp?ect=4g,"Berfungsi sebagai pengental, pengikat, pengemulsi, pendispersi, penstabil, penahan air, pembentuk lapisan film dan efek pelindung koloid. Natrosol adalah thickener atau pengental untuk shampoo, conditioner, gel, pasta gigi, cat tembok, sabun cair, plamir instan dan emulsi-emulsi lainnya yang berbasis air, bukan minyak"
147,EDTA 4 Na Serbuk 1 Kg,140000,https://images.tokopedia.net/img/cache/500-square/VqbcmM/2021/9/12/736595a1-a6bc-4e3b-b01d-08d3d8e37d13.jpg.webp?ect=4g,"Dalam shampoo, pembersih, dan produk perawatan pribadi lainnya, EDTA digunakan sebagai agen eksekusi untuk meningkatkan stabilitas mereka di udara. Pengurangan kesadahan air dalam aplikasi laundry dan pembubaran skala di boiler keduanya bergantung pada EDTA dan complexants terkait untuk mengikat Ca2 +, Mg2 +, serta ion logam lainnya"
148,STPP / Sodium Tripolyphosphate 1Kg,17000,https://images.tokopedia.net/img/cache/500-square/VqbcmM/2021/9/12/32d56574-fa6e-46db-81ef-5714acd7ec51.jpg.webp?ect=4g,Kondisi: BaruMin. Pemesanan: 1 Buah
149,Citric Acid Monohydrate / Asam Sitrat /Sitrun Citrun1kg,45000,https://images.tokopedia.net/img/cache/500-square/VqbcmM/2021/9/11/d6621ccc-46e8-4cb8-825c-d795f8b6e9ed.jpg.webp?ect=4g," Untuk menghilangkan noda dan mencerahkan baju yang kusam. Pembersih kamar mandi/closet, toren/tangki air. Pembuatan Aquascape - Untuk menghilangkan kerak putih pada aquarium"
150,Texapon / SLES / Emal 270N / Bahan Sabun 1 KG,40000,https://images.tokopedia.net/img/cache/500-square/VqbcmM/2021/9/11/127749c6-64c2-40d2-b10f-b6d4cfd0dadb.jpg.webp?ect=4g,"Texapon atau juga disebut sodium laurilsulfate (C12H25SO4Na) kental seperti cream/krim adalah bahan kimia yang mempunyai fungsi salah satunya mengangkat lemak dan kotoran atau zat yang memiliki sifat surfaktan Kegunaan atau fungsi texapon antara lain : - Sebagai bahan baku pembuatan bahan kebersihan seperti sabun, shampoo, detergen, sabun cuci piring dl"
151,Deterjen Detergen Sabun Laundry Jadi 5 Liter,30000,https://images.tokopedia.net/img/cache/200/VqbcmM/2021/9/8/ac053db5-ab8c-4a55-937e-b905d4143c2a.jpg.webp?ect=4g,Deterjen laundry nanti setelah diolah menjadi 5 liter sabun/detergen baru. Tinggal tambahkan air sekitar 4 liter saja. Sudah ada pewangi dan pewarna.
152,Soda Api Flake / Caustic Soda Flake,30000,https://images.tokopedia.net/img/cache/500-square/VqbcmM/2021/9/8/0890087d-828e-41bc-9f75-f0c99ef9a0e3.jpg.webp?ect=4g,"Natrium hidroksida membentuk larutan alkalin yang kuat ketika dilarutkan ke dalam air. Ia digunakan di berbagai macam bidang industri, kebanyakan digunakan sebagai basa dalam proses produksi bubur kayu dan kertas, tekstil, air minum, sabun dan deterjen"
153,Atinsoft Konsentrat Deterjen/Detergen Laundry Untuk 5 Liter,27500,https://images.tokopedia.net/img/cache/500-square/VqbcmM/2021/9/8/a761968d-b554-4fcf-8449-2c788b12e5d6.jpg.webp?ect=4g,Deterjen atau detergen konsentrat ini bisa diolah lagi menjadi deterjen laundry cair sebanyak 5 liter sabun baru nantinya. Cukup ditambahkan air 4 liter. Produk sudah ada pewarna dan pewangi.
154,Detergen Laundry Cair 1 Liter,11500,https://images.tokopedia.net/img/cache/500-square/VqbcmM/2021/9/8/dd594bd2-f29b-448b-b0ed-4101d90daf3f.jpg.webp?ect=4g,Ada kandungan surfaktan yang tinggi juga aroma segar supaya pakaian tidak bau. Pakaian jadi higienis dan bersih. Deterjen laundry cair ini bisa dipakai mesin cui bukaan atas dan depan. Takaran pemakaian: 10ml per kg baju (cuci manual) 30ml per load mesin cuci 7kg
155,Boedray Kling Trim Restorer - 60 ml,17500,https://images.tokopedia.net/img/cache/500-square/VqbcmM/2022/8/22/a37eb99d-3229-4280-ba2a-863ada53abfe.jpg.webp?ect=4g,"Bisa menghitamkan spakbor motor dan dasbor mobil. Harga sudah termasuk spon / busa aplikator pad dan sarung tangan. Tersedia kemasan 60 ml dan 100 ml. Boedray Kling trum remover adalah produk penghitam body motor, trim / dashboard mobil. Mampu mengembalikan warna kilau hitam seperti baru pada bagian-bagian plastik pada kendaraan"
156,Cocamidopropyl Betaines / Amphitol 55AB 1 Liter,45500,https://images.tokopedia.net/img/cache/500-square/VqbcmM/2021/9/8/b4fbbe4f-abbd-4939-928f-84abe9474c94.jpg.webp?ect=4g,Cocamidopropyl Betaines / Amphitol 55AB (BUSA BESAR) banyak digunakan untuk pembuatan produk cairan seperti: - cairan pencuci piring - shampoo - sabun cair mandi - cairan pembersih - sabun cuci tangan - cairan pembersih lantai
157,"Bibit Parfum Lemonlime Star Fragrance Lemon Lime Sunlite - lemon, 1 liter",255000,https://images.tokopedia.net/img/cache/500-square/VqbcmM/2021/9/8/4e5bebe2-768d-4bbd-88de-ce4e9c94dcd1.jpg.webp?ect=4g,Biang Parfum Lemon dan Lime Sunlite ini memberikan aroma wangi dan menyegarkan. Luar pulau Jawa jangan order ya atau chat dulu soalnya cairan agak ribe
158,Boedray Shampoo Motor Mobil 1 Liter,20500,https://images.tokopedia.net/img/cache/500-square/VqbcmM/2021/9/8/efb0e65c-e116-45b9-ad4d-6712a4e75adb.jpg.webp?ect=4g,"Boedray shampoo mobil konsentrat, pemakaian sedikit sudah banyak busa. Pastinya aman untuk cat dan body kendaraan. Tersedia berbagai kemasan dan wangi pilihan yang pasti Anda suka. Bisa diaplikasikan dengan alat semprot ataupun cuci manual. "
159,Wangi Parfum Pewangi Laundry - Botol 250 Pet,14500,https://images.tokopedia.net/img/cache/500-square/VqbcmM/2022/7/5/132f6167-a97c-4ea3-99e7-34f939155c72.png.webp?ect=4g,"Sedia parfum laundry untuk finishing dengan banyak varian. Tulis nama varian aromanya, kalau tidak maka akan dikirim random. Daftar aroma parfum laundry 1. Sakura (best seller) 2. Saville (rekomendasi) 3. Akasia 4. Philux 5. Molto Pink 6. Blue Fresh 7. Maura 8. Baccarat 9. Llily Laundry 10. Downy mystique/mistik 11. Snappy 12. Ocean Fresh 13. Lavender 14, Downy Black 15. Vanilla"
160,Klenzo Paket Bahan Sabun batang Home Made 1,155000,https://images.tokopedia.net/img/cache/500-square/VqbcmM/2021/9/8/b2ce3500-5c68-4c65-9bd3-af3e5e7c38bc.jpg.webp?ect=4g,"Klenzo Paket Sabun seri Homemade bisa untuk dipakai sendiri maupun jadi peluang bisnis. Bahan sabunnya ada berbagai minyak, alkali, pewarna, dan parfum sudah disediakan dan juga ada alat cetaknya berbentuk bundar. Kreasi sabun mandi batang bisa menjadi bahan praktek untuk siswa atau malah ibu rumah tangga yang ingin mengembangkan usaha sendiri membuat sabun"
161,Klenzo Super Konsentrat Multi Purpose Cleaner,34500,https://images.tokopedia.net/img/cache/500-square/VqbcmM/2021/9/7/eadff39f-edff-4dc9-9c49-056a51af7bf2.jpg.webp?ect=4g,"Klenzo pembersih serbaguna berbentuk konsentrat cair kental ini mempunyai banyak macam fungsi. Diantaranya adalah pembersih kompor serta alat dapur seperti piring, pembersih kaca dan juga untuk noda minyak pada pakaian."
162,Pakde Paket Deterjen Bahan Sabun Pakaian Deterjen Laundry,80000,https://images.tokopedia.net/img/cache/500-square/VqbcmM/2021/9/7/3646f7dd-ca32-4362-9e00-b6981547fa32.jpg.webp?ect=4g,"Paket Deterjen yakni bahan sabun untuk sabun deterjen laundry dengan berat hanya 1,5 kg sudah lengkap. Anda tinggal tambahkan air saja nantinya hasil akhir sebanyak 15 liter sabun deterjen laundry baru sudah wang"
163,Pakde Paket Deterjen Bahan Sabun Cuci Piring,80000,https://images.tokopedia.net/img/cache/500-square/VqbcmM/2021/9/7/c25bd907-13cf-47bb-95e2-113f2146cabb.jpg.webp?ect=4g,Anda tinggal tambahkan air saja nantinya hasil akhir sebanyak 15 liter sabun cuci piring baru sudah wangi. Ada 2 pilihan aroma yakni wangi jeruk lemon (utama) dan wangi jeruk nipis
164,Atinsoft Bahan Sabun Shampoo Mobil,85000,https://images.tokopedia.net/img/cache/500-square/VqbcmM/2021/9/7/ec49c1de-8268-46b0-af10-f2878a2a2206.jpg.webp?ect=4g,Paket bahan sabun untuk shampoo mobil/motor atau kendaraan pada umumnya untuk memeudah pelaku UKM mengembangkan bisnisnya. Berat sekitar 1.5 kg bisa jadi 15 liter shampoo mobil
165,Laundry Chlorine Bleach Pemutih Pakaian,9500,https://images.tokopedia.net/img/cache/500-square/VqbcmM/2021/9/7/1aa74df0-9758-43e4-804b-54cf22a22048.jpg.webp?ect=4g,Laundry+ Pemutih Pakaian (Chlorine Bleach) 1 liter adalah pemutih pakaian dengan klorin organik yang efektif untuk menghilangkan noda membandel dan mencerahkan pakaian berwarna putih. Mengandung disinfektan untuk membunuh kuman.
166,Laundry Emulsifier 1 Liter,17500,https://images.tokopedia.net/img/cache/500-square/VqbcmM/2021/9/6/9fd8a5fa-db72-4f82-9438-a8cd623bd303.jpg.webp?ect=4g,Kimia Laundry Emulsifier berguna untuk : 1. Menghilangkan noda minyak dan lemak pada seragam koki / seragam industri (berbahan polyester katun / linen 2. Emulsifier sering digunakan dalam proses spotting noda minyak / lemak pada seragam koki / seragam industri yang kotor 3. Memperkuat kinerja detergen
167,Oxygen Bleach Pencerah & Desinfektan Pakaian,14500,https://images.tokopedia.net/img/cache/500-square/VqbcmM/2021/9/6/54c05fcd-1a95-4a98-a007-2dbeb63f1e02.jpg.webp?ect=4g,"Oxygen bleach berguna sebagai anti noda dan pencerah warna pakaian..Dengan gelembung-gelembung oksigen menghancurkan juga mengangkat noda, kotoran, bau dan kuman.Produk ini baik digunakan untuk pakaian yang berwarna karena dapat mencerahkan warna pakaian dan tidak menyebabkan warna pada pakaian memudar."
168,Kimia Laundry Alkalite,14500,https://images.tokopedia.net/img/cache/500-square/VqbcmM/2021/9/5/cd424124-cfa4-419e-8779-3191973a99b1.jpg.webp?ect=4g,"Alkalite laundry mempunyai sifat dasar basa yang dapat di gunakan sebagai anti noda kotor akibat tanah, daki pada kerah baju, bagian bawah celana panjang, kantong, lengan baju dll. Selain itu alkalite bisa digunakan dengan cara spotting langsung pada nodanya ataupun saat proses perendaman"
169,Oxyboost Laundry Untuk Antinoda,24500,https://images.tokopedia.net/img/cache/500-square/VqbcmM/2021/9/5/19e8533c-ea51-427e-9092-ded899469025.jpg.webp?ect=4g,Oxyboost penghilang noda jamur dan darah. Dapat digunakan pada saat proses melebur noda darah dan kotoran berat dengan takaran secukupnya. Noda darah akan melebur bersama oxygen yang terkandung di dalam oxy booster dan terangkat menjadi buih
170,Karbol sereh Pinus Cemara 5 Liter super Murah - pinus,25500,https://images.tokopedia.net/img/cache/500-square/VqbcmM/2021/9/5/9941e5c1-1c35-4c70-a37f-581ba1c1ffa3.jpg.webp?ect=4g,Ada dua varian yakni aroma sereh dan aroma pine (pinus/cemara) dengan isi 5 liter. Harga sangat ekonomis dengan keharuman yang tahan lama. Karbol ini cocok untuk membersihkan kamar mandi dan ruangan
